{
  "project_info": {
    "project_number": "192449332688",
    "firebase_url": "https://smartblood-483b8.firebaseio.com",
    "project_id": "smartblood-483b8",
    "storage_bucket": "smartblood-483b8.appspot.com"
  },
  "client": [
    {
      "client_info": {
        "mobilesdk_app_id": "1:192449332688:android:e6e0d0a8cd8304b2",
        "android_client_info": {
          "package_name": "com.ahman.smartblood"
        }
      },
      "oauth_client": [
        {
          "client_id": "192449332688-c4nee2si1if58rg0eghh3iahugi6uspk.apps.googleusercontent.com",
          "client_type": 1,
          "android_info": {
            "package_name": "com.ahman.smartblood",
            "certificate_hash": "b4a91d57d5dcf1c988820bf25904b2f77214b91b"
          }
        },
        {
          "client_id": "192449332688-an5pudj3ppi7a0e388sadndgsfuskkj4.apps.googleusercontent.com",
          "client_type": 3
        }
      ],
      "api_key": [
        {
          "current_key": "AIzaSyCn8SXzp_aAt4-Un3axi6XiXFL5Z6i_hRI"
        }
      ],
      "services": {
        "analytics_service": {
          "status": 1
        },
        "appinvite_service": {
          "status": 2,
          "other_platform_oauth_client": [
            {
              "client_id": "192449332688-an5pudj3ppi7a0e388sadndgsfuskkj4.apps.googleusercontent.com",
              "client_type": 3
            }
          ]
        },
        "ads_service": {
          "status": 2
        }
      }
    }
  ],
  "configuration_version": "1"
}